	PC1	PC2			
GQ199857|2008|Nicaragua_ Managua	-18.6955017	-0.590691269		1	1
GQ199858|2008|Nicaragua_ Managua	-18.69685158	-0.587621733		1	1
FJ547088|2008|Nicaragua_ Managua	-18.77042636	-0.562442259		1	1
HQ166037|2008|Mexico_ Yucatan	-18.77476059	-0.690885157		1	1
GU131983|2008|Mexico_ Yucatan	-18.78832958	-0.949903227		1	1
FJ562104|2006|Nicaragua_ Rivas	-18.80546268	-0.609776252		1	1
JF937644|2009|Nicaragua_ Managua	-18.80652816	-0.768498417		1	1
JF937645|2009|Nicaragua_ Managua	-18.80677573	-0.768541154		1	1
JQ287666|2009|Nicaragua_ Managua	-18.80788009	-0.76710163		1	1
EU482616|2005|Nicaragua_ Managua	-18.80801873	-0.641273593		1	1
GQ868518|2007|Mexico_ Yucatan	-18.80817513	-0.919170572		1	1
JN819403|2006|Nicaragua_ Managua	-18.82001497	-0.658616187		1	1
GQ868533|2008|Mexico_ Yucatan	-18.82052695	-0.802327365		1	1
GU131965|2007|Mexico_ Yucatan	-18.83857935	-0.842865925		1	1
"JQ675358|2010|USA_ Key West, FL"	-18.84589374	-0.573187437		1	1
HQ166036|2007|Mexico_ Yucatan	-18.84826628	-0.928977134		1	1
GQ868537|2008|Mexico_ Yucatan	-18.86020886	-0.697484406		1	1
FJ024485|2005|Nicaragua_ Managua	-18.86298186	-0.710682084		1	1
FJ898433|2007|Nicaragua_ Managua	-18.90176004	-0.71449754		1	1
GQ868530|2008|Mexico_ Yucatan	-18.90190671	-0.702500331		1	1
GQ868510|2007|Mexico_ Yucatan	-18.92325594	-0.704960131		1	1
GQ868536|2008|Mexico_ Yucatan	-18.92667498	-0.759394521		1	1
GQ868539|2008|Mexico_ Yucatan	-18.92957371	-0.676691101		1	1
GQ868509|2007|Mexico_ Yucatan	-18.93895893	-0.818884844		1	1
GU131958|2006|Mexico_ Yucatan	-18.95133009	-0.730212412		1	1
GQ868535|2008|Mexico_ Yucatan	-18.96271491	-0.719470963		1	1
GQ868520|2007|Mexico_ Yucatan	-18.96291589	-0.856015023		1	1
GQ868511|2007|Mexico_ Yucatan	-18.96838484	-0.764926623		1	1
FJ410290|2005|Nicaragua_ Managua	-18.98676225	-0.7725173		1	1
GQ868505|2007|Mexico_ Yucatan	-18.98884849	-0.783307242		1	1
FJ024483|2005|Nicaragua_ Managua	-18.99005628	-0.868206999		1	1
GU131970|2007|Mexico_ Yucatan	-18.99173959	-0.759219374		1	1
GU131964|2007|Mexico_ Yucatan	-18.99652243	-0.74005386		1	1
GU131961|2007|Mexico_ Yucatan	-18.99660523	-0.68659274		1	1
GQ868527|2007|Mexico_ Yucatan	-18.99936313	-0.735948287		1	1
JN819402|2005|Nicaragua_ Managua	-18.99940872	-0.766010851		1	1
GU131968|2007|Mexico_ Yucatan	-19.00028568	-0.709421595		1	1
GQ868503|2007|Mexico_ Yucatan	-19.00083855	-0.711922131		1	1
GQ868508|2007|Mexico_ Yucatan	-19.00425753	-0.874982684		1	1
HM631855|2007|Mexico_ Yucatan	-19.00835161	-0.705729836		1	1
GQ868501|2007|Mexico_ Yucatan	-19.00839422	-0.705752629		1	1
GQ868532|2008|Mexico_ Yucatan	-19.00876035	-0.866888623		1	1
GQ868514|2007|Mexico_ Yucatan	-19.01012114	-0.866471975		1	1
GU131976|2007|Mexico_ Yucatan	-19.01092435	-0.73821142		1	1
GU131979|2007|Mexico_ Yucatan	-19.01271937	-0.872987729		1	1
GU131967|2007|Mexico_ Yucatan	-19.0139756	-0.786807617		1	1
FJ810419|2006|Nicaragua_ Carazo	-19.01507734	-0.749325191		1	1
GQ868499|2006|Mexico_ Quintana Roo	-19.01538361	-0.730747422		1	1
GU131977|2007|Mexico_ Yucatan	-19.01680367	-0.815159909		1	1
GU131981|2007|Mexico_ Yucatan	-19.02214808	-0.877237797		1	1
EU596504|2005|Nicaragua_ Managua	-19.02575723	-0.893846277		1	1
GQ868534|2008|Mexico_ Yucatan	-19.02940633	-0.883268812		1	1
GQ868502|2007|Mexico_ Yucatan	-19.03141769	-0.769740355		1	1
GQ868529|2008|Mexico_ Yucatan	-19.03189713	-0.850948975		1	1
GQ868538|2008|Mexico_ Yucatan	-19.03671085	-0.778775547		1	1
GQ868522|2007|Mexico_ Yucatan	-19.03794828	-0.774573904		1	1
GU131960|2007|Mexico_ Yucatan	-19.03873191	-0.796022745		1	1
GQ868517|2007|Mexico_ Yucatan	-19.04244724	-0.845917166		1	1
GU131957|2006|Mexico_ Yucatan	-19.04267809	-0.751608501		1	1
GQ868525|2007|Mexico_ Yucatan	-19.04326626	-0.799141357		1	1
GQ868524|2007|Mexico_ Yucatan	-19.04526247	-0.685788401		1	1
GQ868507|2007|Mexico_ Yucatan	-19.0488487	-0.878199112		1	1
GU131969|2007|Mexico_ Yucatan	-19.04928178	-0.872316299		1	1
GQ868513|2007|Mexico_ Yucatan	-19.04950952	-0.872857131		1	1
GQ868528|2007|Mexico_ Yucatan	-19.05144275	-0.867261469		1	1
GU131971|2007|Mexico_ Yucatan	-19.05170743	-0.787851328		1	1
GU131980|2007|Mexico_ Yucatan	-19.05307336	-0.74689091		1	1
GU131984|2008|Mexico_ Yucatan	-19.05391031	-0.867034662		1	1
GQ868519|2007|Mexico_ Yucatan	-19.05395288	-0.867057394		1	1
GU131982|2008|Mexico	-19.05587866	-0.844895774		1	1
GQ868531|2008|Mexico_ Yucatan	-19.05688501	-0.841996283		1	1
GQ868504|2007|Mexico_ Yucatan	-19.05691539	-0.793966301		1	1
GU131973|2007|Mexico_ Yucatan	-19.05728415	-0.743841811		1	1
GU131963|2007|Mexico_ Yucatan	-19.05808359	-0.702019785		1	1
FJ024479|2006|Nicaragua_ Managua	-19.05856891	-0.889763281		1	1
FJ024481|2005|Nicaragua_ Managua	-19.06524482	-0.844723521		1	1
GQ868521|2007|Mexico_ Yucatan	-19.0697581	-0.750763074		1	1
GU131972|2007|Mexico_ Yucatan	-19.0773341	-0.746860141		1	1
FJ850114|2005|Nicaragua_ Managua	-19.07858684	-0.865284267		1	1
GQ868523|2007|Mexico_ Yucatan	-19.08054383	-0.750094133		1	1
GQ868512|2007|Mexico_ Yucatan	-19.08235711	-0.752864118		1	1
GQ868526|2007|Mexico_ Yucatan	-19.08239166	-0.752881154		1	1
GQ868506|2007|Mexico_ Yucatan	-19.08239968	-0.75288685		1	1
GU131978|2007|Mexico_ Yucatan	-19.08257821	-0.751490431		1	1
HQ166035|2007|Mexico_ Yucatan	-19.08411564	-0.753157286		1	1
GQ868500|2007|Mexico_ Yucatan	-19.08525835	-0.7536803		1	1
GU131962|2007|Mexico_ Yucatan	-19.08584457	-0.75385449		1	1
EU482615|2005|Nicaragua_ Managua	-19.08645622	-0.779682321		1	1
FJ432720|2005|Nicaragua_ Managua	-19.08645622	-0.779682321		1	1
FJ850113|2005|Nicaragua_ Managua	-19.08695758	-0.779768279		1	1
FJ024480|2005|Nicaragua_ Managua	-19.09377794	-0.933271863		1	1
GU131966|2007|Mexico_ Yucatan	-19.10611111	-0.791237351		1	1
GU131956|2006|Mexico_ Yucatan	-19.10686917	-0.798084284		1	1
EU482618|2005|Nicaragua_ Managua	-19.11059079	-0.730956994		1	1
FJ547089|2005|Nicaragua_ Managua	-19.12035532	-0.832195229		1	1
FJ547068|2006|Nicaragua_ Managua	-19.13257416	-0.933692598		1	1
FJ024482|2005|Nicaragua_ Managua	-19.13785242	-0.775319462		1	1
GQ868498|2006|Mexico_ Yucatan	-19.14992201	-0.802196855		1	1
EU596503|2005|Nicaragua_ Managua	-19.16282997	-0.87252277		1	1
EU482619|2005|Nicaragua_ Managua	-19.16532686	-0.825084062		1	1
FJ182002|2005|Nicaragua_ Managua	-19.16984789	-0.878740737		1	1
EU482617|2005|Nicaragua_ Managua	-19.19821267	-0.939803658		1	1
EU596502|2005|Nicaragua_ Managua	-19.19821267	-0.939803658		1	1
FJ024478|2005|Nicaragua_ Managua	-19.19821267	-0.939803658		1	1
FJ432721|2005|Nicaragua_ Managua	-19.19821267	-0.939803658		1	1
HQ332182|2006|Venezuela	-17.50878037	-0.385584028		13	1
HQ332183|2007|Venezuela	-17.60798169	-0.525950175		13	1
JF937635|2009|Nicaragua_ Managua	-17.61496311	-0.462975174		13	1
GQ199859|2008|Nicaragua_ Managua	-17.72038942	-0.631046397		13	1
GQ868570|2008|Colombia_ Santander	-17.79996362	-0.680052004		13	1
GQ199877|2007|Venezuela_ Merida	-17.80588455	-0.687813221		13	1
GU131840|2007|Venezuela_ Aragua	-17.82229293	-0.823700207		13	1
EU482611|2007|Venezuela_ Aragua	-17.84133609	-0.729267215		13	1
EU482610|2007|Venezuela_ Aragua	-17.87272253	-0.83334646		13	1
FJ850102|2007|Venezuela_ Aragua	-17.87272253	-0.83334646		13	1
GU131841|2007|Venezuela_ Aragua	-17.92785145	-0.714797691		13	1
GU131839|2006|Venezuela_ Aragua	-17.93333696	-0.359502241		13	1
GQ868564|2006|Colombia_ Norte de Santander	-17.94216918	-0.526993845		13	1
JX669462|2010|Brazil	-17.95182026	-0.658009596		13	1
FJ873810|2007|Venezuela_ Aragua	-17.95746489	-0.721048025		13	1
GQ868568|2007|Colombia_ Santander	-17.97579333	-0.658649911		13	1
GU131838|2006|Venezuela_ Aragua	-17.98142232	-0.678895406		13	1
FJ639821|2006|Venezuela_ Aragua	-17.99657859	-0.379900342		13	1
JX669466|2010|Brazil	-18.0023309	-0.579122277		13	1
FJ850103|2008|Venezuela_ Aragua	-18.00792906	-0.392627121		13	1
JN819410|2005|Venezuela_ Aragua	-18.01131059	-0.580362496		13	1
JX669463|2010|Brazil	-18.02316118	-0.572553679		13	1
FJ639819|2006|Venezuela_ Aragua	-18.02711421	-0.532623357		13	1
GQ868569|2007|Colombia_ Santander	-18.03125456	-0.757988104		13	1
FJ639815|2006|Venezuela_ Aragua	-18.04515197	-0.675713837		13	1
FJ810415|2005|Venezuela_ Aragua	-18.0501007	-0.534884745		13	1
EU482591|2006|USA_ Puerto Rico	-18.06356795	-0.41389618		13	1
GQ868567|2007|Colombia_ Santander	-18.07474182	-0.617345987		13	1
GQ868563|2006|Colombia_ Norte de Santander	-18.07513912	-0.705811443		13	1
FJ639814|2005|Venezuela_ Aragua	-18.07536591	-0.632333635		13	1
FJ639811|2005|Venezuela_ Aragua	-18.08022323	-0.389437326		13	1
GQ868565|2006|Colombia_ Norte de Santander	-18.08096903	-0.742062079		13	1
GU131949|2006|Colombia_ Norte de Santander	-18.09281743	-0.741304977		13	1
GQ868566|2007|Colombia_ Santander	-18.09364035	-0.694536198		13	1
HQ332181|2006|Venezuela	-18.11544509	-0.315535983		13	1
JN819415|2006|Venezuela_ Aragua	-18.12264022	-0.616449437		13	1
FJ873809|2007|Venezuela_ Aragua	-18.13076161	-0.708965879		13	1
EU482609|2007|Venezuela_ Aragua	-18.13076747	-0.708780976		13	1
FJ850101|2007|Venezuela_ Aragua	-18.13087375	-0.710709817		13	1
FJ850093|2008|Brazil_ Northern	-18.13567815	-0.671972651		13	1
JN819411|2005|Venezuela_ Aragua	-18.14922754	-0.782445472		13	1
HQ332180|2006|Venezuela	-18.17172156	-0.707827297		13	1
GU131837|2005|Venezuela_ Aragua	-18.17308332	-0.470495107		13	1
FJ850099|2007|Venezuela_ Aragua	-18.1846424	-0.714110522		13	1
FJ639813|2005|Venezuela_ Aragua	-18.19514302	-0.770842791		13	1
FJ850104|2008|Venezuela_ Aragua	-18.22473511	-0.564992671		13	1
JN819405|2006|Venezuela_ Merida	-18.22528707	-0.711470802		13	1
HQ332177|2006|Venezuela	-18.23092058	-0.681634612		13	1
HQ332178|2006|Venezuela	-18.23092058	-0.681634612		13	1
JN819414|2007|Venezuela_ Aragua	-18.23687906	-0.737893925		13	1
FJ850100|2007|Venezuela_ Aragua	-18.25774283	-0.712845056		13	1
GU131842|2007|Venezuela_ Aragua	-18.2662361	-0.781038575		13	1
FJ882579|2007|Venezuela_ Aragua	-18.29623586	-0.787249337		13	1
HQ332179|2007|Venezuela	-18.30489719	-0.775618056		13	1
JN819413|2006|Venezuela_ Aragua	-18.30534865	-0.827954084		13	1
FJ639818|2006|Venezuela_ Aragua	-18.31031942	-0.705399966		13	1
FJ639820|2006|Venezuela_ Aragua	-18.31147474	-0.762680319		13	1
FJ639824|2006|Venezuela_ Aragua	-18.31593519	-0.741058686		13	1
JN819412|2005|Venezuela_ Aragua	-18.33417711	-0.750494981		13	1
FJ639812|2005|Venezuela_ Aragua	-18.33638327	-0.739062129		13	1
FJ639823|2006|Venezuela_ Aragua	-18.35624094	-0.790688547		13	1
FJ639806|2007|Venezuela_ Aragua	-18.37234844	-0.753080387		13	1
FJ639808|2005|Venezuela_ Aragua	-18.37454109	-0.751496563		13	1
GQ868562|2005|Colombia_ Santander	-18.41419322	-0.800318742		13	1
FJ024484|2005|Nicaragua_ Managua	-18.77649326	-0.467308075		14	1
FJ024423|2005|Nicaragua_ Managua	-18.81880358	-0.470835617		14	1
FJ873814|2005|Nicaragua_ Managua	-18.81925648	-0.470865237		14	1
JN903578|2007|India	-14.63017913	-0.260520024		2	2
FJ850087|2006|Brazil_ Northern	-14.72797375	-0.391679945		2	2
GU131863|2008|Brazil_ Sao Paulo	-14.73289202	-0.306825533		2	2
FJ850090|2007|Brazil_ Northern	-14.8454755	-0.388598821		2	2
JX669464|2010|Brazil	-14.89265408	-0.245551758		2	2
JX669465|2010|Brazil	-14.89978313	-0.208342864		2	2
JX669461|2010|Brazil	-14.99526715	-0.122068068		2	2
FJ850084|2005|Brazil_ Northern	-15.00509273	-0.58269639		2	2
EU081258|2005|Singapore	-15.47001599	-0.135577534		2	2
EU179860|2005|Brunei	-12.05637591	0.289356868		3	3
JN903579|2008|India	-12.47867117	-0.018792677		3	3
JN903580|2009|India	-12.54786941	0.083199215		3	3
JN903581|2009|India	-12.54925362	0.095990886		3	3
JN697056|2005|Malaysia	-6.337919285	0.580072173		4	4
EU179861|2006|Brunei	-6.416937688	1.078592097		4	4
JN903592|2009|India	-0.432578415	0.018780969		5	5
JN903597|2009|India	-0.432578415	0.018780969		5	5
JN903605|2009|India	-0.432578415	0.018780969		5	5
JN903616|2009|India	-0.432578415	0.018780969		5	5
JN903596|2009|India	-0.432584105	0.018782014		5	5
JN903582|2009|India	-0.43373434	0.012836204		5	5
JN903583|2009|India	-0.43373434	0.012836204		5	5
JN903584|2009|India	-0.43373434	0.012836204		5	5
JN903585|2009|India	-0.43373434	0.012836204		5	5
JN903586|2009|India	-0.43373434	0.012836204		5	5
JN903587|2009|India	-0.43373434	0.012836204		5	5
JN903588|2009|India	-0.43373434	0.012836204		5	5
JN903589|2009|India	-0.43373434	0.012836204		5	5
JN903590|2009|India	-0.43373434	0.012836204		5	5
JN903591|2009|India	-0.43373434	0.012836204		5	5
JN903593|2009|India	-0.43373434	0.012836204		5	5
JN903594|2009|India	-0.43373434	0.012836204		5	5
JN903595|2009|India	-0.43373434	0.012836204		5	5
JN903598|2009|India	-0.43373434	0.012836204		5	5
JN903599|2009|India	-0.43373434	0.012836204		5	5
JN903600|2009|India	-0.43373434	0.012836204		5	5
JN903601|2009|India	-0.43373434	0.012836204		5	5
JN903602|2009|India	-0.43373434	0.012836204		5	5
JN903603|2009|India	-0.43373434	0.012836204		5	5
JN903604|2009|India	-0.43373434	0.012836204		5	5
JN903606|2009|India	-0.43373434	0.012836204		5	5
JN903607|2009|India	-0.43373434	0.012836204		5	5
JN903608|2009|India	-0.43373434	0.012836204		5	5
JN903609|2009|India	-0.43373434	0.012836204		5	5
JN903610|2009|India	-0.43373434	0.012836204		5	5
JN903611|2009|India	-0.43373434	0.012836204		5	5
JN903612|2009|India	-0.43373434	0.012836204		5	5
JN903613|2009|India	-0.43373434	0.012836204		5	5
JN903614|2009|India	-0.43373434	0.012836204		5	5
JN903615|2009|India	-0.43373434	0.012836204		5	5
JN903617|2010|India	-0.43373434	0.012836204		5	5
JN903618|2010|India	-0.352786006	-0.080529257		15	5
FJ410196|2007|Viet Nam_ South	4.657317098	-5.128111813		6	6
FJ898382|2007|Viet Nam_ South	4.65693634	-5.126210403		6	6
FJ432738|2007|Viet Nam_ South	4.656091838	-5.130327351		6	6
EU482520|2006|Viet Nam_ south	4.656086384	-5.184319867		6	6
FJ547065|2007|Viet Nam_ South	4.655881335	-5.133584869		6	6
FJ898383|2007|Viet Nam_ South	4.65576153	-5.133017774		6	6
EU482523|2006|Viet Nam_ south	4.655700478	-5.13273222		6	6
GQ199812|2007|Viet Nam_ South	4.655698181	-5.132728587		6	6
EU482539|2006|Viet Nam_ south	4.655609908	-5.184738668		6	6
FJ410277|2008|Viet Nam_ South	4.6555942	-5.134661061		6	6
EU482801|2006|Viet Nam_ south	4.655548858	-5.184450237		6	6
FJ882522|2006|Viet Nam_ South	4.655548858	-5.184450237		6	6
GQ199829|2007|Viet Nam_ South	4.655294369	-5.13649619		6	6
FJ410282|2008|Viet Nam_ South	4.654376597	-5.132747309		6	6
GU131694|2008|Viet Nam_ South	4.650390863	-5.135786996		6	6
GU131699|2008|Viet Nam_ South	4.649172756	-5.134136207		6	6
JF937601|2008|Viet Nam_ South	4.649159361	-5.133909847		6	6
FJ410236|2008|Viet Nam_ South	4.623030807	-5.214971548		6	6
FJ024447|2007|Viet Nam_ South	4.621653043	-5.218348268		6	6
EU482492|2007|Viet Nam_ south	4.621546765	-5.220277109		6	6
FJ410263|2008|Viet Nam_ South	4.619361429	-5.187336344		6	6
FJ432727|2007|Viet Nam_ South	4.618497295	-5.140033062		6	6
FJ461306|2007|Viet Nam_ South	4.614809772	-5.152072343		6	6
FJ432740|2007|Viet Nam_ South	4.614525332	-5.154334688		6	6
GQ199795|2007|Viet Nam_ South	4.614453952	-5.152692008		6	6
EU660394|2006|Viet Nam_ South	4.613763301	-5.189034178		6	6
GQ199778|2007|Viet Nam_ South	4.612884047	-5.136019664		6	6
FJ461325|2007|Viet Nam_ South	4.612395011	-5.123571454		6	6
GU131743|2008|Viet Nam_ South	4.612277277	-5.141367575		6	6
GU131693|2008|Viet Nam_ South	4.61128523	-5.150832722		6	6
EU660397|2006|Viet Nam_ South	4.597503642	-5.29030634		6	6
EU482494|2007|Viet Nam_ south	4.593432263	-5.111810674		6	6
FJ410270|2008|Viet Nam_ South	4.593191622	-5.187368711		6	6
EU726780|2007|Viet Nam_ South	4.592835687	-5.301841487		6	6
EU482504|2007|Viet Nam_ south	4.592576284	-5.304574341		6	6
GU131748|2008|Viet Nam_ South	4.590158513	-5.304496946		6	6
FJ182027|2007|Viet Nam_ South	4.589618685	-5.115959521		6	6
FJ410289|2007|Viet Nam_ South	4.587971717	-5.17349717		6	6
FJ024448|2007|Viet Nam_ South	4.586403601	-5.167192759		6	6
FJ182022|2007|Viet Nam_ South	4.585923533	-5.16492096		6	6
FJ410225|2007|Viet Nam_ South	4.580890224	-5.100897135		6	6
EU677168|2007|Viet Nam_ South	4.580109142	-5.23920011		6	6
EU482516|2007|Viet Nam_ south	4.5740421	-5.128826906		6	6
GQ199819|2007|Viet Nam_ South	4.573532159	-5.107857728		6	6
GQ199827|2007|Viet Nam_ South	4.571479493	-5.1575588		6	6
GU131750|2008|Viet Nam_ South	4.570549321	-5.180106271		6	6
EU482821|2006|Viet Nam_ south	4.569504577	-5.189229763		6	6
GQ199776|2007|Viet Nam_ South	4.568203735	-5.144885451		6	6
FJ882544|2006|Viet Nam_ South	4.567803289	-5.198283625		6	6
FJ410278|2008|Viet Nam_ South	4.56510092	-5.146202647		6	6
FJ024444|2006|Viet Nam_ South	4.562871158	-5.104705069		6	6
FJ182018|2006|Viet Nam_ South	4.562843788	-5.103895969		6	6
FJ461336|2008|Viet Nam_ South	4.562763149	-5.14010983		6	6
FJ024437|2007|Viet Nam_ South	4.56126169	-5.320057997		6	6
FJ205884|2007|Viet Nam_ South	4.56126169	-5.320057997		6	6
EU660401|2006|Viet Nam_ South	4.560048867	-5.105916397		6	6
FJ024457|2007|Viet Nam_ South	4.559448846	-5.323779977		6	6
EU482708|2007|Viet Nam_ south	4.55931795	-5.322053244		6	6
GU131710|2008|Viet Nam_ South	4.558963804	-5.14358718		6	6
GU131803|2008|Viet Nam_ South	4.555263705	-5.276923859		6	6
HM631851|2008|Viet Nam_ South	4.554883183	-5.116869473		6	6
EU482503|2007|Viet Nam_ south	4.541801582	-5.225864105		6	6
EU482502|2007|Viet Nam_ south	4.541695513	-5.227793647		6	6
EU482713|2007|Viet Nam_ south	4.541235785	-5.230179027		6	6
EU482717|2007|Viet Nam_ south	4.541015572	-5.231939103		6	6
EU677153|2007|Viet Nam_ South	4.540707612	-5.228019559		6	6
FJ024451|2007|Viet Nam_ South	4.540707612	-5.228019559		6	6
FJ024439|2007|Viet Nam_ South	4.533514385	-5.258855059		6	6
EU726779|2007|Viet Nam_ South	4.530486017	-5.243420174		6	6
EU482529|2006|Viet Nam_ south	4.52672513	-5.153901525		6	6
EU482530|2006|Viet Nam_ south	4.52672513	-5.153901525		6	6
EU482823|2006|Viet Nam_ south	4.52672513	-5.153901525		6	6
FJ410258|2008|Viet Nam_ South	4.526317017	-5.165371709		6	6
FJ882553|2007|Viet Nam_ South	4.524824011	-5.236638984		6	6
EU482478|2007|Viet Nam_ south	4.518410354	-5.124010517		6	6
EU482483|2007|Viet Nam_ south	4.517999814	-5.326905668		6	6
GQ199823|2007|Viet Nam_ South	4.516962911	-5.178118575		6	6
EU482497|2007|Viet Nam_ south	4.516595881	-5.325017945		6	6
EU677171|2007|Viet Nam_ South	4.516300328	-5.334687285		6	6
EU677155|2007|Viet Nam_ South	4.515222167	-5.330050486		6	6
EU677177|2007|Viet Nam_ South	4.515203261	-5.328119032		6	6
GQ199810|2007|Viet Nam_ South	4.514600316	-5.120167776		6	6
FJ410272|2008|Viet Nam_ South	4.514503447	-5.177992157		6	6
EU482487|2007|Viet Nam_ south	4.513522578	-5.091897633		6	6
EU677140|2007|Viet Nam_ South	4.512933241	-5.091618575		6	6
JF937610|2008|Viet Nam_ South	4.511965978	-5.151569482		6	6
EU482479|2007|Viet Nam_ south	4.509950138	-5.125632049		6	6
EU677167|2007|Viet Nam_ South	4.509500166	-5.3283899		6	6
FJ024433|2007|Viet Nam_ South	4.508987786	-5.167900488		6	6
GU131787|2008|Viet Nam_ South	4.508394372	-5.335661323		6	6
HM181969|2008|Viet Nam_ South	4.508393867	-5.335660831		6	6
GU131685|2008|Viet Nam_ South	4.505682009	-5.336900795		6	6
GU131707|2008|Viet Nam_ South	4.505427868	-5.1902404		6	6
GU131691|2008|Viet Nam_ South	4.505427362	-5.190239908		6	6
EU677156|2007|Viet Nam_ South	4.501357261	-5.226637637		6	6
FJ024435|2007|Viet Nam_ South	4.500081021	-5.227564206		6	6
EU660418|2007|Viet Nam_ South	4.499492028	-5.231812332		6	6
GU131706|2008|Viet Nam_ South	4.495031344	-5.33058282		6	6
FJ410198|2007|Viet Nam_ South	4.494085771	-5.183573357		6	6
EU482498|2007|Viet Nam_ south	4.493942601	-5.227464291		6	6
JQ287662|2007|Viet Nam_ South	4.49149891	-5.262142685		6	6
HM181962|2008|Viet Nam_ South	4.489614788	-5.092697509		6	6
GU131719|2008|Viet Nam_ South	4.489614282	-5.092697017		6	6
FJ410230|2008|Viet Nam_ South	4.489298141	-5.320421454		6	6
FJ024462|2007|Viet Nam_ South	4.488577454	-5.333635524		6	6
GU131823|2008|Viet Nam_ South	4.487774793	-5.173849936		6	6
FJ390388|2007|Viet Nam_ South	4.487702931	-5.324489664		6	6
FJ461303|2007|Viet Nam_ South	4.486937616	-5.323394177		6	6
GQ199794|2007|Viet Nam_ South	4.486604661	-5.320357554		6	6
FJ024443|2007|Viet Nam_ South	4.486310825	-5.319041675		6	6
FJ182029|2007|Viet Nam_ South	4.485849676	-5.32002552		6	6
FJ024429|2007|Viet Nam_ South	4.485588655	-5.320666363		6	6
FJ024440|2007|Viet Nam_ South	4.485588655	-5.320666363		6	6
EU482709|2007|Viet Nam_ south	4.485056659	-5.320264921		6	6
EU482517|2007|Viet Nam_ south	4.484802041	-5.299143464		6	6
FJ410192|2008|Viet Nam_ South	4.482701754	-5.188237583		6	6
FJ024428|2007|Viet Nam_ South	4.482142788	-5.32206477		6	6
GU131812|2008|Viet Nam_ South	4.479995227	-5.326514342		6	6
GU131828|2008|Viet Nam_ South	4.479964503	-5.150242105		6	6
GU131724|2008|Viet Nam_ South	4.479654358	-5.326662999		6	6
GU131776|2008|Viet Nam_ South	4.477237016	-5.326869911		6	6
FJ410210|2007|Viet Nam_ South	4.476648044	-5.132556772		6	6
EU482499|2007|Viet Nam_ south	4.476290747	-5.086654659		6	6
FJ882556|2007|Viet Nam_ South	4.476148362	-5.131711992		6	6
GU131761|2008|Viet Nam_ South	4.475663308	-5.320110805		6	6
FJ547063|2007|Viet Nam_ South	4.473828346	-5.354867071		6	6
EU677170|2007|Viet Nam_ South	4.470766411	-5.337194644		6	6
FJ182026|2007|Viet Nam_ South	4.468332061	-5.315062173		6	6
EU677178|2007|Viet Nam_ South	4.468175355	-5.121890827		6	6
EU677166|2007|Viet Nam_ South	4.465072563	-5.335203143		6	6
FJ461340|2008|Viet Nam_ South	4.464351632	-5.217802513		6	6
GU131695|2008|Viet Nam_ South	4.458162322	-5.339376235		6	6
HM488256|2008|Viet Nam_ South	4.456837077	-5.222183519		6	6
FJ390381|2007|Viet Nam_ South	4.454863852	-5.240888184		6	6
EU482501|2007|Viet Nam_ south	4.451783953	-5.196254693		6	6
FJ410261|2008|Viet Nam_ South	4.450224951	-5.288131285		6	6
GU131723|2008|Viet Nam_ South	4.450110591	-5.326335259		6	6
EU482493|2007|Viet Nam_ south	4.445677745	-5.268227342		6	6
FJ461330|2008|Viet Nam_ South	4.445129385	-5.291893539		6	6
GU131831|2008|Viet Nam_ South	4.442662372	-5.331084362		6	6
GU131790|2008|Viet Nam_ South	4.44143702	-5.105521015		6	6
FJ410255|2008|Viet Nam_ South	4.440990225	-5.175515782		6	6
JF937607|2008|Viet Nam_ South	4.440705745	-5.101705229		6	6
GQ868615|2008|Viet Nam_ South	4.438838462	-5.344013695		6	6
EU482489|2007|Viet Nam_ south	4.435686626	-5.36138891		6	6
FJ906963|2007|Viet Nam_ South	4.434626352	-5.360982265		6	6
EU677172|2007|Viet Nam_ South	4.434573662	-5.357613058		6	6
FJ024453|2007|Viet Nam_ South	4.434563272	-5.357806122		6	6
GU131746|2008|Viet Nam_ South	4.434382923	-5.32893393		6	6
EU482718|2007|Viet Nam_ south	4.433281202	-5.30525767		6	6
GU131797|2008|Viet Nam_ South	4.432197094	-5.284505388		6	6
EU482512|2007|Viet Nam_ south	4.432163089	-5.092556529		6	6
GU131783|2008|Viet Nam_ South	4.429995886	-5.219377725		6	6
FJ410239|2008|Viet Nam_ South	4.429394428	-5.36199206		6	6
FJ205881|2007|Viet Nam_ South	4.426331609	-5.330061783		6	6
GU131702|2008|Viet Nam_ South	4.425398643	-5.3640779		6	6
FJ024472|2007|Viet Nam_ South	4.423050541	-5.337175037		6	6
EU482716|2007|Viet Nam_ south	4.422550839	-5.388153567		6	6
EU677174|2007|Viet Nam_ South	4.422550839	-5.388153567		6	6
FJ024425|2007|Viet Nam_ South	4.422550839	-5.388153567		6	6
EU482513|2007|Viet Nam_ south	4.422418986	-5.390349986		6	6
EU677154|2007|Viet Nam_ South	4.421271392	-5.388842361		6	6
GU131760|2008|Viet Nam_ South	4.419827508	-5.245999545		6	6
GU131824|2008|Viet Nam_ South	4.418221143	-5.393367529		6	6
FJ410222|2007|Viet Nam_ South	4.416204125	-5.30981093		6	6
GU131690|2008|Viet Nam_ South	4.407828598	-5.206725662		6	6
GU131827|2008|Viet Nam_ South	4.404558168	-5.280222798		6	6
GU131729|2008|Viet Nam_ South	4.40419719	-5.306999528		6	6
FJ024427|2007|Viet Nam_ South	4.40010841	-5.190730629		6	6
FJ205876|2007|Viet Nam_ South	4.3979132	-5.203865007		6	6
GQ199786|2007|Viet Nam_ South	4.397005666	-5.339860728		6	6
HM181964|2008|Viet Nam_ South	4.394985363	-5.294093726		6	6
EU677157|2007|Viet Nam_ South	4.392147356	-5.315874114		6	6
FJ024455|2007|Viet Nam_ South	4.390375462	-5.393705041		6	6
GU131807|2008|Viet Nam_ South	4.390250142	-5.299034286		6	6
FJ182036|2007|Viet Nam_ South	4.389709496	-5.318412702		6	6
EU482515|2007|Viet Nam_ south	4.389706367	-5.318570331		6	6
FJ461315|2007|Viet Nam_ South	4.389512742	-5.363972078		6	6
GU131770|2008|Viet Nam_ South	4.38933441	-5.300955148		6	6
FJ410205|2007|Viet Nam_ South	4.389215963	-5.373610864		6	6
GU131755|2008|Viet Nam_ South	4.389140265	-5.294918222		6	6
FJ024464|2007|Viet Nam_ South	4.38834506	-5.31898928		6	6
GU131683|2008|Viet Nam_ South	4.387378289	-5.336394771		6	6
GU131808|2008|Viet Nam_ South	4.387101007	-5.30224547		6	6
GU131739|2008|Viet Nam_ South	4.3820236	-5.382353213		6	6
FJ182028|2007|Viet Nam_ South	4.380200392	-5.311965861		6	6
FJ390386|2007|Viet Nam_ South	4.379085234	-5.392485484		6	6
FJ432719|2007|Viet Nam_ South	4.377710574	-5.396545617		6	6
FJ024426|2007|Viet Nam_ South	4.376723535	-5.395521896		6	6
FJ024450|2007|Viet Nam_ South	4.374548821	-5.318095482		6	6
EU482715|2007|Viet Nam_ south	4.373871613	-5.225702607		6	6
FJ410283|2008|Viet Nam_ South	4.37057534	-5.351185998		6	6
FJ182023|2007|Viet Nam_ South	4.362004416	-5.175438333		6	6
JF937614|2008|Viet Nam_ South	4.350696872	-5.299235238		6	6
EU677139|2007|Viet Nam_ South	4.349714495	-5.326125268		6	6
GU131793|2008|Viet Nam_ South	4.349329329	-5.300443236		6	6
EU482511|2007|Viet Nam_ south	4.346543674	-5.327357536		6	6
GU131795|2008|Viet Nam_ South	4.346293565	-5.306580932		6	6
HM181960|2008|Viet Nam_ South	4.345388904	-5.127168272		6	6
EU482482|2007|Viet Nam_ south	4.345010344	-5.231424334		6	6
FJ410276|2008|Viet Nam_ South	4.33945731	-5.323062591		6	6
GQ868611|2007|Viet Nam_ South	4.336194704	-5.310809561		6	6
EU677161|2007|Viet Nam_ South	4.335849216	-5.305584485		6	6
EU726777|2007|Viet Nam_ South	4.332697709	-5.328129039		6	6
GU131732|2008|Viet Nam_ South	4.331147606	-5.311934926		6	6
GU131806|2008|Viet Nam_ South	4.330595225	-5.314899884		6	6
FJ182031|2007|Viet Nam_ South	4.329992841	-5.233866369		6	6
FJ024460|2007|Viet Nam_ South	4.329933772	-5.233571096		6	6
GU131825|2008|Viet Nam_ South	4.329679405	-5.312561564		6	6
GU131745|2008|Viet Nam_ South	4.324318901	-5.303782766		6	6
GU131747|2008|Viet Nam_ South	4.3156385	-5.294028329		6	6
JF937606|2008|Viet Nam_ South	4.306694226	-5.304188711		6	6
GU131804|2008|Viet Nam_ South	4.290107646	-5.269535735		6	6
GU131733|2008|Viet Nam_ South	4.290107141	-5.269535243		6	6
FJ024463|2007|Viet Nam_ South	4.28526662	-5.239068553		6	6
JF937611|2008|Viet Nam_ South	4.247148926	-5.365923147		6	6
GU131742|2008|Viet Nam_ South	4.132326287	-5.134192736		6	6
GU131785|2008|Viet Nam_ South	4.125719607	-5.13620039		6	6
FJ898379|2007|Viet Nam_ South	4.690632214	-4.929573431		22	6
EU482805|2006|Viet Nam_ south	4.672051409	-5.032893147		22	6
GQ199771|2006|Viet Nam_ South	4.66966725	-5.054588508		22	6
EU482818|2006|Viet Nam_ south	4.668964056	-5.034302197		22	6
GQ199855|2006|Viet Nam_ South	4.667690351	-5.03505946		22	6
FJ461341|2008|Viet Nam_ South	4.65242344	-5.009967959		22	6
EU660393|2006|Viet Nam_ South	4.647366419	-4.949091319		22	6
EU482524|2006|Viet Nam_ south	4.646930323	-5.026751764		22	6
FJ182025|2007|Viet Nam_ South	4.642415621	-5.042834299		22	6
EU482485|2007|Viet Nam_ south	4.642306207	-5.042723685		22	6
EU482508|2007|Viet Nam_ south	4.642306207	-5.042723685		22	6
FJ182019|2007|Viet Nam_ South	4.641099425	-5.046021189		22	6
FJ373298|2007|Viet Nam_ South	4.640784812	-5.046530583		22	6
EU726778|2007|Viet Nam_ South	4.639939363	-5.043541331		22	6
JF937605|2008|Viet Nam_ South	4.639925292	-4.997104828		22	6
FJ432725|2007|Viet Nam_ South	4.63852608	-5.03158633		22	6
GQ199779|2007|Viet Nam_ South	4.636642112	-5.013688626		22	6
GQ199802|2007|Viet Nam_ South	4.636639353	-5.015483468		22	6
FJ898380|2007|Viet Nam_ South	4.636512663	-5.014474328		22	6
EU482711|2007|Viet Nam_ south	4.636392271	-5.047119157		22	6
GU131791|2008|Viet Nam_ South	4.632060679	-5.05368467		22	6
HM181967|2008|Viet Nam_ South	4.631691084	-5.052930783		22	6
EU482799|2006|Viet Nam_ south	4.627362284	-5.036778648		22	6
GQ199777|2007|Viet Nam_ South	4.62733722	-5.035475303		22	6
EU482490|2007|Viet Nam_ south	4.625634295	-5.04056924		22	6
GU131701|2008|Viet Nam_ South	4.620597993	-5.042253776		22	6
GQ199804|2007|Viet Nam_ South	4.613311174	-4.955101416		22	6
GQ199815|2007|Viet Nam_ South	4.608733904	-4.970790612		22	6
FJ373305|2006|Viet Nam_ South	4.606549342	-4.977965206		22	6
GU131813|2008|Viet Nam_ South	4.605820724	-4.949810097		22	6
GU131704|2008|Viet Nam_ South	4.605119987	-4.972465138		22	6
FJ410197|2007|Viet Nam_ South	4.605059306	-5.050939286		22	6
FJ882554|2007|Viet Nam_ South	4.603739258	-5.052404679		22	6
FJ410285|2008|Viet Nam_ South	4.595082192	-5.003532751		22	6
FJ024445|2007|Viet Nam_ South	4.594771054	-5.053743204		22	6
EU687251|2007|Viet Nam_ South	4.590037648	-4.939017762		22	6
FJ024432|2007|Viet Nam_ South	4.590037648	-4.939017762		22	6
EU482507|2007|Viet Nam_ south	4.586080324	-4.943077363		22	6
FJ024446|2007|Viet Nam_ South	4.586080324	-4.943077363		22	6
FJ390382|2007|Viet Nam_ South	4.586080324	-4.943077363		22	6
EU660419|2007|Viet Nam_ South	4.579971159	-5.024109894		22	6
EU677165|2007|Viet Nam_ South	4.57471984	-5.02658393		22	6
EU677163|2007|Viet Nam_ South	4.574659855	-5.026304297		22	6
FJ024442|2007|Viet Nam_ South	4.570582625	-4.949738203		22	6
EU482509|2007|Viet Nam_ south	4.569605601	-4.942132988		22	6
FJ024430|2007|Viet Nam_ South	4.567505453	-5.025002331		22	6
EU482812|2006|Viet Nam_ south	4.564545801	-5.007873817		22	6
FJ410194|2007|Viet Nam_ South	4.563064985	-5.055575344		22	6
GQ199796|2007|Viet Nam_ South	4.562935289	-5.052517772		22	6
FJ410287|2006|Viet Nam_ South	4.56214425	-5.042351975		22	6
FJ182021|2007|Viet Nam_ South	4.560677068	-4.899130131		22	6
FJ182030|2007|Viet Nam_ South	4.559298445	-4.962821064		22	6
FJ205883|2007|Viet Nam_ South	4.553957047	-5.027004334		22	6
EU482522|2006|Viet Nam_ south	4.552789788	-5.036841357		22	6
JN000935|2008|Viet Nam_ South	4.548130912	-4.897655322		22	6
FJ461310|2008|Viet Nam_ South	4.546927585	-5.058458021		22	6
GU131682|2008|Viet Nam_ South	4.545877187	-4.993843302		22	6
EU482496|2007|Viet Nam_ south	4.543467347	-4.949811789		22	6
GU131716|2008|Viet Nam_ South	4.540402154	-5.059865165		22	6
JF937604|2008|Viet Nam_ South	4.536748083	-4.936751185		22	6
GU131735|2008|Viet Nam_ South	4.534545084	-5.05649274		22	6
FJ432748|2007|Viet Nam_ South	4.529517171	-4.989031238		22	6
FJ390383|2007|Viet Nam_ South	4.522876903	-5.001064644		22	6
EU726782|2007|Viet Nam_ South	4.522261635	-5.001330557		22	6
FJ024438|2007|Viet Nam_ South	4.522261635	-5.001330557		22	6
FJ410206|2007|Viet Nam_ South	4.521756711	-5.011155651		22	6
FJ461327|2007|Viet Nam_ South	4.520553967	-5.0069274		22	6
FJ410245|2008|Viet Nam_ South	4.519717122	-5.010118127		22	6
EU677158|2007|Viet Nam_ South	4.519171045	-5.000751157		22	6
GU131815|2008|Viet Nam_ South	4.518615223	-5.048492857		22	6
EU660403|2006|Viet Nam_ South	4.517308147	-5.049390633		22	6
FJ432737|2007|Viet Nam_ South	4.494432121	-4.911751082		22	6
JF937612|2008|Viet Nam_ South	4.481276271	-5.030890422		22	6
EU482500|2007|Viet Nam_ south	4.480181898	-5.072609489		22	6
EU482514|2007|Viet Nam_ south	4.478569433	-5.072980756		22	6
FJ024441|2007|Viet Nam_ South	4.475387932	-4.975346061		22	6
FJ410275|2008|Viet Nam_ South	4.473467703	-4.965595105		22	6
FJ410265|2008|Viet Nam_ South	4.473354706	-4.966530715		22	6
FJ432732|2007|Viet Nam_ South	4.47209144	-5.057423737		22	6
JF937600|2008|Viet Nam_ South	4.466815149	-4.967695067		22	6
EU482506|2007|Viet Nam_ south	4.440887336	-4.999267827		22	6
FJ024449|2007|Viet Nam_ South	4.438280388	-5.084584064		22	6
GU131721|2008|Viet Nam_ South	4.256400452	-4.892034075		22	6
HM631853|2007|Cambodia_ KCH	4.160697306	-2.568761064		7	7
HM181954|2007|Cambodia_ KCH	4.159568582	-2.555897048		7	7
HM181937|2006|Cambodia_ KCH	4.156914875	-2.512787156		7	7
HM181950|2007|Cambodia_ KCH	4.15413538	-2.569826446		7	7
GU131925|2006|Cambodia_ KCH	4.154041459	-2.559459494		7	7
HM181958|2007|Cambodia_ KCH	4.14043732	-2.560711474		7	7
GU131888|2006|Cambodia_ KCH	4.129977716	-2.561683005		7	7
HM181936|2006|Cambodia_ KCH	4.129843403	-2.5674017		7	7
FJ639683|2005|Cambodia_ BTB	4.126928094	-2.555079898		7	7
HM181938|2006|Cambodia_ KCH	4.12561461	-2.573972318		7	7
HM181940|2006|Cambodia_ KCH	4.121807725	-2.484512231		7	7
FJ639685|2005|Cambodia_ BTB	4.120713591	-2.588807003		7	7
HM181956|2007|Cambodia_ KCH	4.115582066	-2.465423939		7	7
FJ639694|2007|Cambodia_ KCH	4.115571677	-2.465617003		7	7
HM181957|2007|Cambodia_ KCH	4.115568843	-2.465616991		7	7
FJ639688|2007|Cambodia_ KCH	4.115365699	-3.136800605		7	7
EU482521|2006|Viet Nam_ south	4.107550781	-2.507383507		7	7
FJ639692|2007|Cambodia_ KCH	4.104399745	-2.47814189		7	7
GU131891|2006|Cambodia_ KCH	4.099751536	-2.512670157		7	7
GU131922|2008|Cambodia_ PHP	4.092000121	-2.55348385		7	7
HM181941|2006|Cambodia_ KCH	4.088481472	-2.428195592		7	7
HM631852|2006|Cambodia_ KCH	4.088124255	-2.427408305		7	7
HM181949|2007|Cambodia_ KCH	4.085906875	-2.497270745		7	7
GU131889|2006|Cambodia_ KCH	4.081715532	-2.429251083		7	7
HM181947|2007|Cambodia_ KCH	4.081558806	-2.42905101		7	7
GU131894|2008|Cambodia_ PHP	4.072939302	-2.568307565		7	7
GU131895|2009|Cambodia_ TAK	4.069630784	-2.48544322		7	7
GU131923|2005|Cambodia_ KCH	4.062153497	-2.512071829		7	7
JF937651|2008|Cambodia_ KCH	4.062135312	-2.499398005		7	7
HM181959|2007|Cambodia_ KCH	4.061722359	-2.656513671		7	7
HM488255|2007|Cambodia_ KCH	4.061655927	-2.487176504		7	7
GU131920|2008|Cambodia_ BTB	4.06076646	-2.527802815		7	7
FJ744702|2006|Cambodia_ KCH	4.048207138	-2.376372992		7	7
HM181953|2007|Cambodia_ KCH	4.046538907	-2.434211893		7	7
FJ639686|2006|Cambodia_ KCH	4.043470615	-2.436759284		7	7
FJ882560|2007|Viet Nam_ South	4.043206456	-2.432987218		7	7
HM181943|2007|Cambodia_ KCH	4.041785087	-2.50267726		7	7
HM181955|2007|Cambodia_ KCH	4.037901514	-2.574100944		7	7
GU131887|2006|Cambodia_ KCH	4.037737892	-2.435675265		7	7
FJ410247|2008|Viet Nam_ South	4.029515819	-2.695850408		7	7
GU131919|2008|Cambodia_ KCH	4.026985034	-2.527486659		7	7
GU131892|2006|Cambodia_ KCH	4.024299768	-2.589400545		7	7
GU131814|2008|Viet Nam_ South	4.024266794	-2.697333677		7	7
GU131774|2008|Viet Nam_ South	4.024111532	-2.696917556		7	7
GU131800|2008|Viet Nam_ South	4.024111532	-2.696917556		7	7
GU131703|2008|Viet Nam_ South	4.023848875	-2.696167604		7	7
GU131777|2008|Viet Nam_ South	4.02376268	-2.695407143		7	7
GU131779|2008|Viet Nam_ South	4.023619246	-2.696251719		7	7
JF937608|2008|Viet Nam_ South	4.02294866	-2.691041955		7	7
HM181946|2007|Cambodia_ KCH	4.018362755	-2.311140622		7	7
HM181948|2007|Cambodia_ KCH	4.014243251	-2.485599911		7	7
FJ639690|2007|Cambodia_ KSP	4.000130167	-2.389069286		7	7
FJ432745|2007|Viet Nam_ South	3.999797947	-2.404822421		7	7
GU131789|2008|Viet Nam_ South	3.999462278	-2.60052932		7	7
GU131788|2008|Viet Nam_ South	3.999080649	-2.599140435		7	7
JF937618|2008|Viet Nam_ South	3.994854341	-2.6329189		7	7
GQ868633|2008|Cambodia_ PHP	3.994036297	-2.544766432		7	7
GQ868635|2008|Cambodia_ KAN	3.99322831	-2.584070227		7	7
GU131728|2008|Viet Nam_ South	3.991508567	-2.666972192		7	7
JF937609|2008|Viet Nam_ South	3.990841734	-2.667030032		7	7
GU131822|2008|Viet Nam_ South	3.982393925	-2.704012715		7	7
GU131826|2008|Viet Nam_ South	3.978684629	-2.705893471		7	7
GQ868632|2008|Cambodia_ BMC	3.976842128	-2.54236905		7	7
GU131921|2008|Cambodia_ KAN	3.956698446	-2.591837935		7	7
FJ461319|2007|Viet Nam_ South	3.956463244	-2.422399026		7	7
FJ461333|2007|Viet Nam_ South	3.956318455	-2.422443963		7	7
GQ199825|2007|Viet Nam_ South	3.956318455	-2.422443963		7	7
GU131771|2008|Viet Nam_ South	3.956190458	-2.611959993		7	7
JF937617|2008|Viet Nam_ South	3.946836963	-2.455388607		7	7
GU131810|2008|Viet Nam_ South	3.942063732	-2.651848447		7	7
FJ639689|2007|Cambodia_ KSP	3.940984697	-2.441714325		7	7
FJ461316|2007|Viet Nam_ South	3.930886516	-2.517096327		7	7
GU131708|2008|Viet Nam_ South	3.926967647	-2.518236503		7	7
KC131140|2012|China_ Guangdong	3.893342506	-2.361131639		7	7
KC131141|2012|China_ Guangdong	3.890785578	-2.41329969		7	7
GU131893|2007|Cambodia_ KCH	3.838017284	-2.462917362		7	7
FJ639695|2007|Cambodia_ KCH	3.794466991	-2.468260198		7	7
KC759167|2012|China	3.498745397	-2.382318165		7	7
EU081276|2005|Singapore	3.562241736	0.838123883		8	8
EU081247|2005|Singapore	3.489775727	1.070085059		8	8
EU081263|2005|Singapore	3.48842774	1.051177471		8	8
EU081230|2005|Singapore	3.482455373	1.092429512		8	8
EU081238|2005|Singapore	3.48162925	1.090321332		8	8
EU081239|2005|Singapore	3.47825036	1.084320815		8	8
EU081278|2005|Singapore	3.477356757	1.083443992		8	8
EU081265|2005|Singapore	3.464412249	1.00017837		8	8
EU081272|2005|Singapore	3.459338133	1.129845161		8	8
EU081233|2005|Singapore	3.450603211	1.086607217		8	8
EU081253|2005|Singapore	3.44826618	1.08847746		8	8
EU081268|2005|Singapore	3.446790843	1.091663968		8	8
EU081249|2005|Singapore	3.44665468	1.091292072		8	8
EU081244|2005|Singapore	3.446575154	1.091343624		8	8
EU081229|2005|Singapore	3.446557685	1.091050094		8	8
EU081231|2005|Singapore	3.446557685	1.091050094		8	8
EU081242|2005|Singapore	3.44655768	1.091050569		8	8
EU081243|2005|Singapore	3.44655768	1.091050569		8	8
EU081259|2005|Singapore	3.44655768	1.091050569		8	8
EU081240|2005|Singapore	3.44559852	1.091354594		8	8
EU081246|2005|Singapore	3.44559852	1.091354594		8	8
EU081250|2005|Singapore	3.44559852	1.091354594		8	8
EU081251|2005|Singapore	3.44559852	1.091354594		8	8
EU081266|2005|Singapore	3.44477566	1.090897955		8	8
EU081260|2005|Singapore	3.444549683	1.076277037		8	8
EU081237|2005|Singapore	3.444275506	1.091027657		8	8
EU081227|2005|Singapore	3.442874913	1.08677557		8	8
EU081271|2005|Singapore	3.434141592	1.083819222		8	8
EU081257|2005|Singapore	3.433707549	1.127540101		8	8
EU081234|2005|Singapore	3.429499394	0.985304962		8	8
EU081245|2005|Singapore	3.426402095	1.095075157		8	8
EU081228|2005|Singapore	3.426098494	1.090366046		8	8
EU081269|2005|Singapore	3.416127909	0.944922922		8	8
EU081270|2005|Singapore	3.416127909	0.944922922		8	8
EU081255|2005|Singapore	3.413342383	1.141136465		8	8
EU081252|2005|Singapore	3.412387694	1.04145427		8	8
EU081241|2005|Singapore	3.410263362	1.11518423		8	8
EU081261|2005|Singapore	3.409637146	1.133873182		8	8
EU081264|2005|Singapore	3.409637146	1.133873182		8	8
EU081235|2005|Singapore	3.408607959	1.086195715		8	8
EU081226|2005|Singapore	3.406900801	1.13651375		8	8
EU081232|2005|Singapore	3.405973597	1.086834801		8	8
EU081256|2005|Singapore	3.403808214	1.09089256		8	8
EU081279|2005|Singapore	3.402413024	1.083777834		8	8
EU081236|2005|Singapore	3.402042621	1.085247581		8	8
EU081267|2005|Singapore	3.39179878	1.123445984		8	8
EU081273|2005|Singapore	3.385566455	1.244889509		8	8
EU081248|2005|Singapore	3.380992633	1.110690944		8	8
EU081280|2006|Singapore	3.379187334	0.968561226		8	8
EU081262|2005|Singapore	3.36972901	1.075673048		8	8
EU081275|2005|Singapore	3.368607895	1.218613866		8	8
EU081274|2005|Singapore	3.367150138	1.088274119		8	8
EU081254|2005|Singapore	3.362519118	1.174026694		8	8
EU081281|2006|Singapore	3.277011035	1.058171341		8	8
FJ461324|2007|Viet Nam_ South	3.235202626	1.087589806		8	8
EU081277|2005|Singapore	3.223787101	1.070447939		8	8
HM181952|2007|Cambodia_ KCH	2.98558574	1.328247783		16	8
JQ048541|2011|China_ Dongguan	2.981680407	1.19154203		16	8
FJ461328|2007|Viet Nam_ South	2.97198922	1.401596561		16	8
GU131680|2008|Viet Nam_ South	2.961387049	1.415945219		16	8
JF937619|2008|Viet Nam_ South	2.958546478	1.387432487		16	8
FJ410286|2008|Viet Nam_ South	2.950736809	1.413697268		16	8
HM181965|2008|Viet Nam_ South	2.945409369	1.413505053		16	8
GU131678|2008|Viet Nam_ South	2.94528625	1.42041511		16	8
GU131773|2008|Viet Nam_ South	2.945161423	1.419346221		16	8
GU131711|2008|Viet Nam_ South	2.943585502	1.411115604		16	8
FJ410212|2007|Viet Nam_ South	2.930815244	1.374427427		16	8
FJ461307|2008|Viet Nam_ South	2.929324473	1.412566826		16	8
GU131712|2008|Viet Nam_ South	2.926921678	1.461617228		16	8
GU131802|2008|Viet Nam_ South	2.926849009	1.461688556		16	8
GU131736|2008|Viet Nam_ South	2.922798936	1.410839842		16	8
GU131709|2008|Viet Nam_ South	2.922528458	1.406747827		16	8
FJ410220|2008|Viet Nam_ South	2.92190978	1.418627184		16	8
GU131764|2008|Viet Nam_ South	2.915574766	1.419286826		16	8
GU131713|2008|Viet Nam_ South	2.897383905	1.404898453		16	8
GU131829|2008|Viet Nam_ South	2.882025731	1.456765344		16	8
GU131830|2008|Viet Nam_ South	2.874269203	1.415543805		16	8
GU131801|2008|Viet Nam_ South	2.810693092	1.39914933		16	8
GU131749|2008|Viet Nam_ South	2.798297765	1.347098287		16	8
GQ398255|2008|Singapore	3.312629795	0.68795307		17	8
HQ891313|2009|Sri Lanka	3.098354103	1.089509846		18	8
HQ891314|2009|Sri Lanka	3.040689387	0.989539795		18	8
HQ891315|2009|Sri Lanka	3.005586922	1.026400431		18	8
HQ891316|2009|Sri Lanka	2.973094879	1.023366758		18	8
HG316481|2010|Thailand	2.972977302	0.944411465		18	8
EU482707|2006|Viet Nam_ south	3.391191338	1.047178353		22	8
FJ898421|2006|Viet Nam_ South	3.389025566	0.899188819		22	8
FJ898420|2006|Viet Nam_ South	3.386845526	0.978809515		22	8
GQ868612|2006|Viet Nam_ South	3.386801165	0.978755035		22	8
EU249491|2006|Viet Nam_ south	3.386756805	0.978700562		22	8
FJ373296|2006|Viet Nam_ South	3.38638059	1.036262137		22	8
GQ199792|2007|Viet Nam_ South	3.37932256	0.996766781		22	8
EU660412|2007|Viet Nam_ South	3.366149029	0.93715591		22	8
FJ410232|2007|Viet Nam_ South	3.364072603	1.00407395		22	8
FJ432747|2007|Viet Nam_ South	3.364072603	1.00407395		22	8
EU677159|2007|Viet Nam_ South	3.363465441	0.937074831		22	8
FJ898395|2005|Viet Nam_ South	3.361701731	1.091778711		22	8
FJ410201|2007|Viet Nam_ South	3.353990069	1.074462584		22	8
GQ199772|2006|Viet Nam_ South	3.348232165	1.022168977		22	8
HM469966|2007|Thailand_ Bangkok	3.347746157	0.84684994		22	8
GQ199828|2007|Viet Nam_ South	3.34679884	0.967240189		22	8
FJ898372|2007|Viet Nam_ South	3.345535407	0.982639732		22	8
EU482540|2006|Viet Nam_ south	3.344717187	0.978719823		22	8
FJ882516|2006|Viet Nam_ South	3.342025178	0.975076389		22	8
HM469968|2007|Thailand_ Ratchaburi	3.341810554	0.952976278		22	8
JN697058|2005|Malaysia	3.336891896	0.843317045		22	8
FJ882546|2007|Viet Nam_ South	3.336680965	0.973177722		22	8
EU482525|2006|Viet Nam_ south	3.333527888	0.881005667		22	8
FJ024431|2007|Viet Nam_ South	3.323534425	0.931006667		22	8
FJ024434|2007|Viet Nam_ South	3.323432506	0.928477169		22	8
FJ882528|2006|Viet Nam_ South	3.319646927	0.948842479		22	8
EU660390|2006|Viet Nam_ South	3.318659106	0.957425132		22	8
FJ410211|2007|Viet Nam_ South	3.318159167	1.099148559		22	8
FJ882547|2007|Viet Nam_ South	3.306594445	0.973527195		22	8
FJ882545|2007|Viet Nam_ South	3.299797848	0.971577767		22	8
FJ410257|2008|Viet Nam_ South	3.297291518	0.974129096		22	8
FJ432734|2007|Viet Nam_ South	3.294660336	0.933823414		22	8
FJ882536|2006|Viet Nam_ South	3.293525364	0.976448474		22	8
FJ906728|2007|Viet Nam_ South	3.29302533	0.929830932		22	8
FJ882534|2006|Viet Nam_ South	3.281963116	1.081738381		22	8
FJ410204|2007|Viet Nam_ South	3.278367739	1.093779326		22	8
FJ410250|2007|Viet Nam_ South	3.278196209	1.093849146		22	8
FJ410203|2007|Viet Nam_ South	3.278166295	1.093668014		22	8
FJ882548|2007|Viet Nam_ South	3.277958908	1.09307801		22	8
FJ410234|2007|Viet Nam_ South	3.261918416	0.965316236		22	8
JN697057|2005|Malaysia	3.239856288	1.239488815		22	8
FJ410274|2008|Viet Nam_ South	3.239210893	1.07719955		22	8
FJ461317|2007|Viet Nam_ South	3.235099204	1.087814682		22	8
FJ882557|2007|Viet Nam_ South	3.235013256	1.08711111		22	8
JF937650|2008|Viet Nam_ South	3.233205143	1.083422598		22	8
FJ461323|2007|Viet Nam_ South	3.233135943	0.933227517		22	8
GU131714|2008|Viet Nam_ South	3.231424802	1.137146999		22	8
FJ461332|2008|Viet Nam_ South	3.223759151	1.104777424		22	8
FJ461331|2008|Viet Nam_ South	3.216387258	1.035314799		22	8
GU131725|2008|Viet Nam_ South	3.210655674	1.035192636		22	8
JQ287667|2008|Viet Nam_ South	3.195277726	1.097518947		22	8
HM469967|2007|Thailand_ Kamphaeng Phet	3.191839913	0.857535025		22	8
FJ410280|2008|Viet Nam_ South	3.190257099	1.080742938		22	8
HM181970|2008|Viet Nam_ South	3.18949066	1.07419081		22	8
HG316482|2010|Thailand	3.188923355	0.828566397		22	8
GU131817|2008|Viet Nam_ South	3.188910922	1.121933302		22	8
GU131752|2008|Viet Nam_ South	3.187345003	0.921607446		22	8
FJ461313|2007|Viet Nam_ South	3.187127256	1.089379192		22	8
FJ410209|2007|Viet Nam_ South	3.1859936	1.085961424		22	8
JF937597|2007|Viet Nam_ South	3.179855859	1.140644403		22	8
FJ410267|2008|Viet Nam_ South	3.179533977	1.07821015		22	8
GU131816|2008|Viet Nam_ South	3.177840903	1.155492288		22	8
GQ199803|2007|Viet Nam_ South	3.163805277	1.056801948		22	8
GU131697|2008|Viet Nam_ South	3.163318341	0.977222729		22	8
GQ199818|2007|Viet Nam_ South	3.157751159	1.075797062		22	8
EU482811|2006|Viet Nam_ south	3.119350772	1.313259305		22	8
FJ432736|2007|Viet Nam_ South	3.108397788	1.169245701		22	8
EU482510|2007|Viet Nam_ south	2.452830243	2.331692859		9	9
FJ898407|2006|Viet Nam_ South	2.433106646	2.394101567		9	9
EU482495|2007|Viet Nam_ south	2.388914995	2.331703273		9	9
FJ882541|2006|Viet Nam_ South	2.375491318	2.33921273		9	9
EU482486|2007|Viet Nam_ south	2.361097478	2.417000229		9	9
FJ373297|2007|Viet Nam_ South	2.359491184	2.413901163		9	9
GQ199843|2006|Viet Nam_ South	2.341497624	2.339315211		9	9
FJ461318|2007|Viet Nam_ South	2.334946122	2.361292963		9	9
GQ199785|2007|Viet Nam_ South	2.330664265	2.305841557		9	9
JF937598|2006|Viet Nam_ South	2.322353476	2.380541575		9	9
EU660395|2007|Viet Nam_ South	2.316292243	2.410096069		9	9
FJ898423|2006|Viet Nam_ South	2.315355518	2.366715468		9	9
FJ898373|2007|Viet Nam_ South	2.314904366	2.360444555		9	9
FJ898424|2006|Viet Nam_ South	2.314663598	2.3547594		9	9
FJ898429|2006|Viet Nam_ South	2.313104985	2.298053354		9	9
EU677176|2007|Viet Nam_ South	2.308708013	2.409086143		9	9
EU677151|2007|Viet Nam_ South	2.296594544	2.376046109		9	9
EU677169|2007|Viet Nam_ South	2.296594544	2.376046109		9	9
JF937649|2007|Viet Nam_ South	2.271051457	2.408135253		9	9
FJ882537|2006|Viet Nam_ South	2.270975132	2.360250924		9	9
FJ410231|2007|Viet Nam_ South	2.260058503	2.300316868		9	9
FJ182033|2007|Viet Nam_ South	2.259949968	2.381847905		9	9
FJ882549|2007|Viet Nam_ South	2.243049252	2.298238676		9	9
GQ199774|2007|Viet Nam_ South	2.188929829	2.349551789		9	9
GQ199775|2007|Viet Nam_ South	2.18873077	2.350626599		9	9
FJ882520|2006|Viet Nam_ South	2.183131316	2.347661573		9	9
GQ868639|2006|Cambodia_ KCH	3.788306402	2.371028993		10	10
FJ639684|2005|Cambodia_ KSP	3.787218677	2.363582394		10	10
FJ639687|2006|Cambodia_ KCH	3.776917845	2.331924314		10	10
FJ639696|2007|Cambodia_ KCH	3.775091019	2.249636195		10	10
FJ639693|2007|Cambodia_ KSP	3.770782888	2.300523369		10	10
GU131890|2006|Cambodia_ KCH	3.770390122	2.330520327		10	10
GQ868630|2006|Cambodia_ KCH	3.767637504	2.367576903		10	10
GU131926|2006|Cambodia_ KCH	3.741769127	2.361016879		10	10
HM181939|2006|Cambodia_ KCH	3.708566675	2.335762169		10	10
HM181945|2007|Cambodia_ KCH	3.707622733	2.333969848		10	10
HM181951|2007|Cambodia_ KCH	3.701563948	2.335248434		10	10
JQ287665|2007|Cambodia_ KCH	3.698154536	2.306068009		10	10
HM181942|2006|Cambodia_ KCH	3.656034164	2.326708692		10	10
HM181944|2007|Cambodia_ KCH	3.655596471	2.278862257		10	10
FJ639691|2007|Cambodia_ BTB	3.635795418	2.202271229		10	10
FJ882519|2006|Viet Nam_ South	4.230573667	3.127312681		11	11
FJ898418|2006|Viet Nam_ South	4.230515722	3.127142326		11	11
FJ410199|2007|Viet Nam_ South	4.225503385	3.063935985		11	11
FJ898431|2006|Viet Nam_ South	4.218776698	3.156885962		11	11
EU677150|2007|Viet Nam_ South	4.217335018	3.087349861		11	11
FJ182035|2007|Viet Nam_ South	4.217334981	3.087350129		11	11
FJ182032|2007|Viet Nam_ South	4.217334976	3.087350605		11	11
EU677175|2007|Viet Nam_ South	4.217324646	3.087824291		11	11
EU726781|2007|Viet Nam_ South	4.216685389	3.154590828		11	11
EU677162|2007|Viet Nam_ South	4.215498624	3.087227213		11	11
FJ898401|2006|Viet Nam_ South	4.214057922	3.265903724		11	11
EU482817|2006|Viet Nam_ south	4.213990367	3.310388081		11	11
FJ898388|2005|Viet Nam_ South	4.213220423	3.256632295		11	11
FJ898403|2006|Viet Nam_ South	4.211003362	3.269258263		11	11
FJ882535|2006|Viet Nam_ South	4.210798245	3.263342485		11	11
FJ898397|2006|Viet Nam_ South	4.210639846	3.262714607		11	11
FJ898391|2005|Viet Nam_ South	4.210543161	3.259873547		11	11
FJ182020|2007|Viet Nam_ South	4.209580629	3.163375702		11	11
FJ182024|2007|Viet Nam_ South	4.209580629	3.163375702		11	11
FJ024459|2007|Viet Nam_ South	4.206542132	3.048014617		11	11
GQ199854|2006|Viet Nam_ South	4.205135152	3.238432487		11	11
GQ199842|2006|Viet Nam_ South	4.204958493	3.237758302		11	11
FJ898387|2005|Viet Nam_ South	4.202416393	3.238257501		11	11
FJ898419|2006|Viet Nam_ South	4.1892527	3.335676152		11	11
FJ898422|2006|Viet Nam_ South	4.189250397	3.33568026		11	11
GQ868613|2006|Viet Nam_ South	4.189250397	3.33568026		11	11
EU677164|2007|Viet Nam_ South	4.182314414	3.19538154		11	11
EU482527|2006|Viet Nam_ south	4.181187929	3.276571197		11	11
EU482814|2006|Viet Nam_ south	4.180716479	3.260356501		11	11
EU660396|2006|Viet Nam_ South	4.180716479	3.260356501		11	11
EU482819|2006|Viet Nam_ south	4.180679945	3.27139766		11	11
GQ199847|2006|Viet Nam_ South	4.174806579	3.262515228		11	11
FJ898430|2006|Viet Nam_ South	4.174321833	3.261352922		11	11
GQ199853|2006|Viet Nam_ South	4.174321833	3.261352922		11	11
EU482533|2006|Viet Nam_ south	4.173850865	3.264711064		11	11
FJ882525|2006|Viet Nam_ South	4.171163657	3.173358865		11	11
FJ182034|2007|Viet Nam_ South	4.170184177	2.788390385		11	11
GQ199856|2006|Viet Nam_ South	4.169806364	3.167477419		11	11
EU482797|2006|Viet Nam_ south	4.169072035	3.265157723		11	11
EU482807|2006|Viet Nam_ south	4.158644128	3.127278326		11	11
FJ898417|2006|Viet Nam_ South	4.154188798	3.162802324		11	11
FJ898411|2006|Viet Nam_ South	4.153861596	3.161488588		11	11
GQ199851|2006|Viet Nam_ South	4.153861596	3.161488588		11	11
FJ898426|2006|Viet Nam_ South	4.151177442	3.16424982		11	11
FJ882526|2006|Viet Nam_ South	4.149040198	3.162012104		11	11
GQ199801|2007|Viet Nam_ South	4.148510851	3.040182472		11	11
FJ410253|2007|Viet Nam_ South	4.148140528	3.040008192		11	11
FJ562101|2007|Viet Nam_ South	4.148140528	3.040008192		11	11
FJ410216|2007|Viet Nam_ South	4.148129749	3.039831269		11	11
EU482477|2007|Viet Nam_ south	4.147309021	3.034197956		11	11
GQ868606|2006|Viet Nam_ South	4.139169618	3.185921546		11	11
FJ205882|2007|Viet Nam_ South	4.137345498	2.996926021		11	11
FJ024436|2007|Viet Nam_ South	4.137301655	2.996952332		11	11
FJ882521|2006|Viet Nam_ South	4.136382027	3.264999648		11	11
EU482808|2006|Viet Nam_ south	4.135424075	3.321844562		11	11
GQ199780|2007|Viet Nam_ South	4.131081824	3.272098672		11	11
FJ410248|2008|Viet Nam_ South	4.130312544	2.949606454		11	11
FJ410235|2008|Viet Nam_ South	4.126997072	3.259966409		11	11
EU482712|2007|Viet Nam_ south	4.123951003	3.190081548		11	11
HM181961|2008|Viet Nam_ South	4.123771649	2.948429017		11	11
FJ906965|2007|Viet Nam_ South	4.120568506	3.159460676		11	11
EU482803|2006|Viet Nam_ south	4.118950278	3.177196455		11	11
EU249493|2006|Viet Nam_ south	4.117619345	3.205722911		11	11
JQ287663|2007|Viet Nam_ South	4.116608303	3.340212388		11	11
FJ410244|2008|Viet Nam_ South	4.114151667	3.219393877		11	11
FJ882517|2006|Viet Nam_ South	4.113744491	3.177446363		11	11
EU482528|2006|Viet Nam_ south	4.11302105	3.062013818		11	11
FJ882531|2006|Viet Nam_ South	4.109749811	3.241232506		11	11
FJ882530|2006|Viet Nam_ South	4.109491448	3.24146622		11	11
FJ410268|2008|Viet Nam_ South	4.108897092	3.045663454		11	11
GQ199798|2007|Viet Nam_ South	4.108396605	3.015938388		11	11
EU482813|2006|Viet Nam_ south	4.107764569	3.129724803		11	11
FJ882527|2006|Viet Nam_ South	4.105396579	3.261117051		11	11
GQ199807|2007|Viet Nam_ South	4.105333597	3.259609984		11	11
FJ898399|2006|Viet Nam_ South	4.10505618	3.051098885		11	11
EU482816|2006|Viet Nam_ south	4.098675638	3.31037827		11	11
GQ199806|2007|Viet Nam_ South	4.097757443	3.21315057		11	11
FJ898402|2006|Viet Nam_ South	4.097378079	3.216152604		11	11
GQ199841|2006|Viet Nam_ South	4.093379308	3.266990926		11	11
EU482815|2006|Viet Nam_ south	4.093037856	3.28908832		11	11
GQ199840|2006|Viet Nam_ South	4.091592503	2.925458749		11	11
EU482532|2006|Viet Nam_ south	4.089742262	3.279888149		11	11
GQ199824|2007|Viet Nam_ South	4.088421849	3.290921267		11	11
FJ432735|2007|Viet Nam_ South	4.083363947	3.284158853		11	11
FJ461312|2007|Viet Nam_ South	4.083260694	3.28381281		11	11
GU131796|2008|Viet Nam_ South	4.082804407	3.248745884		11	11
FJ410240|2008|Viet Nam_ South	4.082710905	3.275228988		11	11
GU131698|2008|Viet Nam_ South	4.081534375	3.244110441		11	11
FJ882538|2006|Viet Nam_ South	4.081315159	3.259077423		11	11
FJ898400|2006|Viet Nam_ South	4.078740199	2.957077056		11	11
GU131688|2008|Viet Nam_ South	4.078316246	3.237121056		11	11
GU131741|2008|Viet Nam_ South	4.077419486	2.975200779		11	11
GU131784|2008|Viet Nam_ South	4.076619355	3.247415862		11	11
FJ882539|2006|Viet Nam_ South	4.070561576	3.155158824		11	11
FJ882540|2006|Viet Nam_ South	4.070561576	3.155158824		11	11
EU660391|2006|Viet Nam_ South	4.06840398	3.164968268		11	11
GU131717|2008|Viet Nam_ South	4.065839896	3.195688748		11	11
GQ199789|2007|Viet Nam_ South	4.064301453	3.239523832		11	11
EU482800|2006|Viet Nam_ south	4.060783894	3.11518712		11	11
FJ410273|2008|Viet Nam_ South	4.059145156	3.030078877		11	11
GQ868608|2007|Viet Nam_ South	4.050460307	3.22284917		11	11
EU249490|2006|Viet Nam_ south	4.047813399	3.299759315		11	11
GU131821|2008|Viet Nam_ South	4.039074893	3.328073084		11	11
GU131809|2008|Viet Nam_ South	4.038844891	3.149132693		11	11
EU482820|2006|Viet Nam_ south	4.037775526	3.236371067		11	11
GQ199773|2007|Viet Nam_ South	4.036119603	3.147844718		11	11
EU482802|2006|Viet Nam_ south	4.035254399	3.262840042		11	11
EU482804|2006|Viet Nam_ south	4.035221731	3.278942592		11	11
JN093516|2008|Viet Nam_ South	4.034391291	3.328952303		11	11
GQ199821|2007|Viet Nam_ South	4.027652708	3.308993768		11	11
FJ461308|2008|Viet Nam_ South	4.027522663	3.346897966		11	11
FJ898375|2007|Viet Nam_ South	4.020591754	3.297566153		11	11
FJ410249|2008|Viet Nam_ South	4.017974462	3.280792341		11	11
FJ410191|2008|Viet Nam_ South	4.004904283	3.229800811		11	11
FJ432744|2007|Viet Nam_ South	4.004744959	3.208978944		11	11
EU482795|2006|Viet Nam_ south	4.004284937	3.292295051		11	11
FJ432739|2007|Viet Nam_ South	4.003246751	3.216087691		11	11
GQ199808|2007|Viet Nam_ South	4.003026086	3.215129985		11	11
GQ199816|2007|Viet Nam_ South	4.002360095	3.220368185		11	11
FJ859029|2007|Viet Nam_ South	3.99776164	3.188291301		11	11
GU131759|2008|Viet Nam_ South	3.997700773	3.24547769		11	11
GU131679|2008|Viet Nam_ South	3.997648145	3.224121815		11	11
GU131805|2008|Viet Nam_ South	3.996636241	3.239111375		11	11
GQ199813|2007|Viet Nam_ South	3.994620104	3.184922117		11	11
FJ898381|2007|Viet Nam_ South	3.994407965	3.184195112		11	11
GU131740|2008|Viet Nam_ South	3.99367062	3.246467249		11	11
GU131758|2008|Viet Nam_ South	3.992840827	3.24569027		11	11
JF937615|2008|Viet Nam_ South	3.992145914	3.232794766		11	11
FJ410243|2008|Viet Nam_ South	3.991628641	3.166095271		11	11
GU131734|2008|Viet Nam_ South	3.990727656	3.227459877		11	11
EU482505|2007|Viet Nam_ south	3.990342326	3.272204633		11	11
EU677152|2007|Viet Nam_ South	3.982758371	3.143769436		11	11
FJ410262|2008|Viet Nam_ South	3.963529657	3.236286735		19	11
FJ410207|2007|Viet Nam_ South	3.956468629	3.248807328		19	11
GQ199826|2007|Viet Nam_ South	3.949886884	3.175944162		19	11
FJ906964|2007|Viet Nam_ South	3.949808169	3.136439385		19	11
EU482793|2006|Viet Nam_ south	3.937105452	3.001058524		19	11
FJ882552|2007|Viet Nam_ South	3.935408834	3.167660019		19	11
FJ882558|2007|Viet Nam_ South	3.926280273	3.156130023		19	11
GQ199797|2007|Viet Nam_ South	3.925601698	3.153993693		19	11
GU131730|2008|Viet Nam_ South	3.925489404	3.112581795		19	11
GU131818|2008|Viet Nam_ South	3.924379397	3.224497135		19	11
FJ898398|2006|Viet Nam_ South	3.924239358	2.935518571		19	11
FJ432730|2007|Viet Nam_ South	3.92390001	3.1517337		19	11
GQ199788|2007|Viet Nam_ South	3.923897001	3.153279969		19	11
GU131700|2008|Viet Nam_ South	3.922777799	3.211776458		19	11
GU131780|2008|Viet Nam_ South	3.922496062	3.21368608		19	11
GU131786|2008|Viet Nam_ South	3.921802867	3.059226939		19	11
GU131684|2008|Viet Nam_ South	3.921335968	3.058178839		19	11
GU131778|2008|Viet Nam_ South	3.920451351	3.340784807		19	11
GU131767|2008|Viet Nam_ South	3.91931828	3.057360147		19	11
FJ882555|2007|Viet Nam_ South	3.913753217	3.008825631		19	11
GU131799|2008|Viet Nam_ South	3.910617386	3.174596177		19	11
FJ410242|2008|Viet Nam_ South	3.907963666	3.239991217		19	11
FJ410227|2007|Viet Nam_ South	3.907069	3.237479079		19	11
GU131692|2008|Viet Nam_ South	3.903140662	3.249353199		19	11
FJ882532|2006|Viet Nam_ South	3.892295411	2.934681794		19	11
EU482536|2006|Viet Nam_ south	3.892244402	2.934518502		19	11
EU482826|2006|Viet Nam_ south	3.892244402	2.934518502		19	11
FJ898413|2006|Viet Nam_ South	3.890798383	2.930138325		19	11
GU131687|2008|Viet Nam_ South	3.888307803	3.164670912		19	11
GQ199800|2007|Viet Nam_ South	3.879942646	3.17526436		19	11
JF937599|2006|Viet Nam_ South	3.869829217	2.935603525		19	11
EU482809|2006|Viet Nam_ south	3.869797676	2.991216635		19	11
GU131765|2008|Viet Nam_ South	3.86907662	3.381268049		19	11
GU131756|2008|Viet Nam_ South	3.867347383	3.082137532		19	11
FJ410281|2008|Viet Nam_ South	3.865686438	3.204481422		19	11
FJ410256|2008|Viet Nam_ South	3.865635779	3.204303121		19	11
EU660392|2006|Viet Nam_ South	3.860990764	3.000186076		19	11
EU482534|2006|Viet Nam_ south	3.859960363	2.989733186		19	11
EU482798|2006|Viet Nam_ south	3.859960363	2.989733186		19	11
EU249492|2006|Viet Nam_ south	3.857558489	2.840988152		19	11
GU131794|2008|Viet Nam_ South	3.856587217	2.90569598		19	11
FJ898378|2007|Viet Nam_ South	3.855951564	3.068844774		19	11
HM631850|2008|Viet Nam_ South	3.848921122	3.205770998		19	11
FJ410238|2008|Viet Nam_ South	3.84612195	2.989283113		19	11
FJ410252|2007|Viet Nam_ South	3.841235495	3.021947964		19	11
FJ882529|2006|Viet Nam_ South	3.84052199	3.010899319		19	11
EU687247|2006|Viet Nam_ South	3.833428715	2.948589344		19	11
EU482810|2006|Viet Nam_ south	3.82506041	2.886435887		19	11
EU677160|2007|Viet Nam_ South	3.823782648	3.091114259		19	11
EU660402|2006|Viet Nam_ South	3.821742286	2.919694919		19	11
GU131811|2008|Viet Nam_ South	3.821322767	3.016076338		19	11
HM181963|2008|Viet Nam_ South	3.820978888	3.014252269		19	11
GU131689|2008|Viet Nam_ South	3.819881451	2.972212831		19	11
GQ199799|2007|Viet Nam_ South	3.814685193	3.018332897		19	11
EU482491|2007|Viet Nam_ south	3.801423531	3.074130535		19	11
FJ882551|2007|Viet Nam_ South	3.795160927	2.935001682		19	11
FJ432746|2007|Viet Nam_ South	3.789274365	2.984448103		19	11
EU482714|2007|Viet Nam_ south	3.774471737	3.069825764		19	11
EU482538|2006|Viet Nam_ south	3.768317496	2.911939993		19	11
EU482828|2006|Viet Nam_ south	3.768317496	2.911939993		19	11
JF937602|2008|Viet Nam_ South	3.757799897	3.000754059		19	11
EU482488|2007|Viet Nam_ south	3.755198657	3.004595073		19	11
EU482480|2006|Viet Nam_ south	3.75193132	3.063904284		19	11
EU482706|2006|Viet Nam_ south	3.75193132	3.063904284		19	11
GU131751|2008|Viet Nam_ South	3.747622889	3.053991817		19	11
FJ898410|2006|Viet Nam_ South	3.744893401	2.963059243		19	11
GQ199811|2007|Viet Nam_ South	3.740475745	3.043238334		19	11
EU482484|2007|Viet Nam_ south	3.728783254	2.991861876		19	11
FJ410279|2008|Viet Nam_ South	3.722099678	3.024030175		19	11
GQ199814|2007|Viet Nam_ South	3.719986204	2.977000395		19	11
GU131722|2008|Viet Nam_ South	3.71568053	3.024551397		19	11
GQ199845|2006|Viet Nam_ South	3.709175306	3.067012501		19	11
FJ461339|2008|Viet Nam_ South	3.704431986	3.05388425		19	11
FJ410246|2008|Viet Nam_ South	3.700878104	2.97425464		19	11
FJ882559|2007|Viet Nam_ South	3.687369625	2.496528043		19	11
GU131762|2008|Viet Nam_ South	3.669545912	3.026345816		19	11
GQ199820|2007|Viet Nam_ South	3.648977157	2.978218384		19	11
GQ199817|2007|Viet Nam_ South	3.614972171	3.083426297		19	11
FJ410226|2008|Viet Nam_ South	3.605457577	2.970463915		20	11
FJ410254|2008|Viet Nam_ South	3.60536259	2.968897715		20	11
GU131772|2008|Viet Nam_ South	3.600402282	2.986459777		20	11
GU131686|2008|Viet Nam_ South	3.59873957	2.967331439		20	11
GU131781|2008|Viet Nam_ South	3.598618882	2.969452471		20	11
FJ898377|2007|Viet Nam_ South	3.592171139	2.908433565		20	11
FJ898384|2007|Viet Nam_ South	3.573843451	2.981161304		20	11
JF937603|2008|Viet Nam_ South	3.559577463	3.014711611		20	11
GU131754|2008|Viet Nam_ South	3.556862954	2.968427255		20	11
GU131744|2008|Viet Nam_ South	3.530925857	2.991358989		20	11
FJ882515|2006|Viet Nam_ South	2.204864217	7.293778135		12	12
EU482535|2006|Viet Nam_ south	2.193751726	7.300652251		12	12
EU482825|2006|Viet Nam_ south	2.193751726	7.300652251		12	12
JQ287661|2006|Viet Nam_ South	2.1758927	7.295953146		12	12
FJ882543|2006|Viet Nam_ South	2.167431621	7.3035706		12	12
FJ898428|2006|Viet Nam_ South	2.157981073	7.235735491		12	12
EU482822|2006|Viet Nam_ south	2.137790662	7.27934776		12	12
GQ199846|2006|Viet Nam_ South	2.137076621	7.445876464		12	12
EU482796|2006|Viet Nam_ south	2.115219322	7.284627416		12	12
FJ898425|2006|Viet Nam_ South	2.108442105	7.272617672		12	12
GQ199852|2006|Viet Nam_ South	2.107778539	7.427860198		12	12
FJ410213|2008|Viet Nam_ South	2.103007276	7.439249659		12	12
FJ410214|2008|Viet Nam_ South	2.103007276	7.439249659		12	12
GU131715|2008|Viet Nam_ South	2.099928964	7.417821813		12	12
GU131727|2008|Viet Nam_ South	2.09413631	7.427331161		12	12
GU131819|2008|Viet Nam_ South	2.091068698	7.43550056		12	12
GU131757|2008|Viet Nam_ South	2.076575775	7.220945699		12	12
FJ432742|2007|Viet Nam_ South	2.072644796	7.317606968		12	12
FJ898396|2006|Viet Nam_ South	2.067193045	7.47205688		12	12
FJ898404|2006|Viet Nam_ South	2.067167521	7.47177479		12	12
FJ898427|2006|Viet Nam_ South	2.066125977	7.468507515		12	12
EU249495|2006|Viet Nam_ south	2.060277311	7.229784039		12	12
EU482518|2006|Viet Nam_ south	2.060277311	7.229784039		12	12
GQ868609|2007|Viet Nam_ South	2.04794295	7.358748276		12	12
FJ898390|2005|Viet Nam_ South	2.047059586	7.278661047		12	12
EU482794|2006|Viet Nam_ south	2.04039765	7.456413558		12	12
GQ199850|2006|Viet Nam_ South	2.04039765	7.456413558		12	12
FJ898393|2005|Viet Nam_ South	2.039156912	7.408004853		12	12
GU131768|2008|Viet Nam_ South	2.038033161	7.385058694		12	12
FJ898409|2006|Viet Nam_ South	2.036246387	7.383162705		12	12
GU131731|2008|Viet Nam_ South	2.03496403	7.376350512		12	12
JQ287660|2006|Viet Nam_ South	2.03037032	7.491202733		12	12
FJ024456|2007|Viet Nam_ South	2.030331552	7.284973257		12	12
GQ199844|2006|Viet Nam_ South	2.03002989	7.458016882		12	12
GQ199848|2006|Viet Nam_ South	2.03002989	7.458016882		12	12
GU131737|2008|Viet Nam_ South	2.028196815	7.372832941		12	12
GU131753|2008|Viet Nam_ South	2.027018809	7.236836822		12	12
GU131769|2008|Viet Nam_ South	2.023843169	7.378918292		12	12
FJ882542|2006|Viet Nam_ South	2.023459364	7.480690841		12	12
GU131696|2008|Viet Nam_ South	2.02225658	7.349129965		12	12
JF937613|2008|Viet Nam_ South	2.021232087	7.352625863		12	12
GU131798|2008|Viet Nam_ South	2.021063333	7.349548336		12	12
GU131720|2008|Viet Nam_ South	2.021036864	7.510430087		12	12
FJ898416|2006|Viet Nam_ South	2.02009972	7.455828111		12	12
HM181968|2008|Viet Nam_ South	2.018663515	7.506185661		12	12
EU482531|2006|Viet Nam_ south	2.017306659	7.228000961		12	12
EU482824|2006|Viet Nam_ south	2.017306659	7.228000961		12	12
GU131726|2008|Viet Nam_ South	2.012658474	7.46519599		12	12
GU131705|2008|Viet Nam_ South	2.007750372	7.34777908		12	12
FJ410251|2008|Viet Nam_ South	2.001124314	7.347025182		12	12
GQ199781|2007|Viet Nam_ South	1.983952936	7.300333559		12	12
FJ882518|2006|Viet Nam_ South	1.97833752	7.479161233		12	12
FJ898374|2007|Viet Nam_ South	1.977500538	7.238819519		12	12
JF937616|2008|Viet Nam_ South	1.975614807	7.332167569		12	12
FJ882550|2007|Viet Nam_ South	1.970492299	7.45810234		12	12
GQ199783|2007|Viet Nam_ South	1.966669979	7.38727249		12	12
GU131792|2008|Viet Nam_ South	1.965734963	7.419138084		12	12
GU131775|2008|Viet Nam_ South	1.959270888	7.287488849		12	12
FJ410260|2008|Viet Nam_ South	1.946507582	7.437366472		12	12
FJ882561|2007|Viet Nam_ South	1.943099604	7.287119335		12	12
GQ199809|2007|Viet Nam_ South	1.937932866	7.267734608		12	12
FJ410264|2008|Viet Nam_ South	1.935052846	7.382753852		12	12
GU131738|2008|Viet Nam_ South	1.929493866	7.38164903		12	12
GQ868614|2008|Viet Nam_ South	1.92077534	7.271715666		12	12
GU131718|2008|Viet Nam_ South	1.898017874	7.278843387		12	12
GQ199822|2007|Viet Nam_ South	1.8916173	7.276807605		12	12
FJ461335|2008|Viet Nam_ South	1.888448233	7.245214214		12	12
FJ410269|2008|Viet Nam_ South	1.885848791	7.240527933		12	12
FJ461320|2007|Viet Nam_ South	1.861684771	7.308841388		12	12
GQ199782|2007|Viet Nam_ South	1.785707997	7.318972269		12	12
FJ898412|2006|Viet Nam_ South	2.25855263	7.017361474		21	12
GQ199835|2005|Viet Nam_ South	2.22856326	7.089852503		21	12
FJ898392|2005|Viet Nam_ South	2.195357764	6.953860782		21	12
HM181966|2008|Viet Nam_ South	2.15699083	6.950399252		21	12
GQ199836|2005|Viet Nam_ South	2.156233944	6.995835147		21	12
GQ199834|2005|Viet Nam_ South	2.153125353	7.05715499		21	12
FJ432723|2007|Viet Nam_ South	2.132538975	6.88544677		21	12
GQ199837|2005|Viet Nam_ South	2.12918801	6.994650368		21	12
FJ898389|2005|Viet Nam_ South	2.129073733	6.921108811		21	12
FJ882570|2005|Viet Nam_ South	2.117413751	7.139100169		21	12
EU482526|2006|Viet Nam_ south	2.115684519	6.901876587		21	12
GU131681|2008|Viet Nam_ South	2.109103544	6.902071781		21	12
FJ898414|2006|Viet Nam_ South	2.10031241	7.178216576		21	12
EU482806|2006|Viet Nam_ south	2.098955911	7.175575544		21	12
FJ898405|2006|Viet Nam_ South	2.084727238	7.012031543		21	12
FJ898408|2006|Viet Nam_ South	2.075827591	6.981801213		21	12
FJ898386|2005|Viet Nam_ South	2.073833955	7.137374859		21	12
FJ898406|2006|Viet Nam_ South	2.072880917	7.059966774		21	12
GQ199838|2005|Viet Nam_ South	2.070419097	6.955555524		21	12
FJ410266|2008|Viet Nam_ South	2.069965497	6.907799159		21	12
GQ199839|2006|Viet Nam_ South	2.064449426	7.10836476		21	12
FJ547060|2007|Viet Nam_ South	2.062716134	7.169818979		21	12
FJ410218|2007|Viet Nam_ South	2.060399599	6.907723697		21	12
GQ868610|2007|Viet Nam_ South	2.052577716	6.92559311		21	12
FJ882533|2006|Viet Nam_ South	2.048461678	7.171151702		21	12
EU482519|2006|Viet Nam_ south	2.035595727	7.188860092		21	12
FJ898385|2007|Viet Nam_ South	2.032882612	7.135963746		21	12
FJ882523|2006|Viet Nam_ South	2.031343876	7.115933775		21	12
GQ199849|2006|Viet Nam_ South	2.020366046	7.100807732		21	12
EU482537|2006|Viet Nam_ south	2.009634217	7.17752846		21	12
EU482827|2006|Viet Nam_ south	2.009634217	7.17752846		21	12
GQ199787|2007|Viet Nam_ South	1.999515163	7.189077735		21	12
FJ882524|2006|Viet Nam_ South	1.991849633	7.161558296		21	12
FJ898415|2006|Viet Nam_ South	1.989001904	6.944047684		21	12
FJ898394|2005|Viet Nam_ South	1.984478518	7.044898366		21	12
EU249494|2006|Viet Nam_ south	1.974896732	7.133254195		21	12
GQ868605|2006|Viet Nam_ South	1.973703746	7.086852162		21	12
EU482710|2007|Viet Nam_ south	1.96817368	7.193813768		21	12
EU482481|2007|Viet Nam_ south	1.968094068	7.193243145		21	12
FJ182003|2007|Viet Nam_ South	1.966914005	7.19642611		21	12
JF937596|2007|Viet Nam_ South	1.952044227	7.199351386		21	12
FJ898371|2007|Viet Nam_ South	1.949368798	7.040584653		21	12
GQ199791|2007|Viet Nam_ South	1.946390412	7.006674386		21	12
FJ410284|2008|Viet Nam_ South	1.934231921	7.142881077		21	12
FJ432749|2007|Viet Nam_ South	1.91861551	7.005761844		21	12
GU131766|2008|Viet Nam_ South	1.900854542	7.180823483		21	12
GQ868607|2007|Viet Nam_ South	1.887758384	7.047809313		21	12
GQ868636|2008|Cambodia_ KOP	1.887619502	7.03080212		21	12
GU131820|2008|Viet Nam_ South	1.880452787	7.023836746		21	12
GU131782|2008|Viet Nam_ South	1.843525424	7.017228807		21	12
GU131763|2008|Viet Nam_ South	1.825252673	6.931007416		21	12
EU677173|2007|Viet Nam_ South	1.818247633	6.855866563		21	12
GQ199793|2007|Viet Nam_ South	1.776379594	6.88064263		21	12
GQ199790|2007|Viet Nam_ South	1.77371287	6.908240469		21	12
FJ898376|2007|Viet Nam_ South	1.758008685	7.055491395		21	12
GQ199784|2007|Viet Nam_ South	1.736812918	6.951807591		21	12
FJ432729|2007|Viet Nam_ South	1.714692218	6.910547406		21	12
FJ432733|2007|Viet Nam_ South	1.709635013	6.867911743		21	12
GQ199805|2007|Viet Nam_ South	1.698945263	6.953806453		21	12